<?xml version="1.0" encoding="UTF-8" standalone="yes" ?>
<fileEntries xmlns="http://schemas.mathworks.com/package/2013/filesystemManifest" createdByEncoding="UTF-8" createdByPlatform="glnxa64" version="2.0">
  <fileEntry content="/fsroot/schema.json" name="/schema.json" type="File"/>
  <fileEntry content="" name="/settingstree/matlab/addons/explorer" type="Folder"/>
  <fileEntry content="" name="/settingstree/matlab/addons/manager" type="Folder"/>
  <fileEntry content="" name="/settingstree/matlab/appdesigner/codeview" type="Folder"/>
  <fileEntry content="" name="/settingstree/matlab/appdesigner/compbrowser" type="Folder"/>
  <fileEntry content="" name="/settingstree/matlab/appdesigner/componentlibrary" type="Folder"/>
  <fileEntry content="" name="/settingstree/matlab/appdesigner/confirmationdialogs" type="Folder"/>
  <fileEntry content="" name="/settingstree/matlab/appdesigner/designview" type="Folder"/>
  <fileEntry content="" name="/settingstree/matlab/appdesigner/history" type="Folder"/>
  <fileEntry content="" name="/settingstree/matlab/appdesigner/window" type="Folder"/>
  <fileEntry content="" name="/settingstree/matlab/appearance/figure" type="Folder"/>
  <fileEntry content="/fsroot/settingstree/matlab/appearance/settings.json" name="/settingstree/matlab/appearance/settings.json" type="File"/>
  <fileEntry content="" name="/settingstree/matlab/apps" type="Folder"/>
  <fileEntry content="" name="/settingstree/matlab/class" type="Folder"/>
  <fileEntry content="" name="/settingstree/matlab/codeanalyzer" type="Folder"/>
  <fileEntry content="" name="/settingstree/matlab/colors/commandwindow" type="Folder"/>
  <fileEntry content="" name="/settingstree/matlab/colors/programmingtools" type="Folder"/>
  <fileEntry content="/fsroot/settingstree/matlab/commandwindow/settings.json" name="/settingstree/matlab/commandwindow/settings.json" type="File"/>
  <fileEntry content="" name="/settingstree/matlab/commandwindow/suggestions" type="Folder"/>
  <fileEntry content="" name="/settingstree/matlab/confirmationdialogs" type="Folder"/>
  <fileEntry content="/fsroot/settingstree/matlab/connector/settings.json" name="/settingstree/matlab/connector/settings.json" type="File"/>
  <fileEntry content="" name="/settingstree/matlab/datetime" type="Folder"/>
  <fileEntry content="/fsroot/settingstree/matlab/ddux/ddux_13388918699958006047/dataStreams/MATLAB_DDUX_FUNCTION_USAGE/settings.json" name="/settingstree/matlab/ddux/ddux_13388918699958006047/dataStreams/MATLAB_DDUX_FUNCTION_USAGE/settings.json" type="File"/>
  <fileEntry content="/fsroot/settingstree/matlab/ddux/ddux_13388918699958006047/dataStreams/settings.json" name="/settingstree/matlab/ddux/ddux_13388918699958006047/dataStreams/settings.json" type="File"/>
  <fileEntry content="/fsroot/settingstree/matlab/ddux/ddux_13388918699958006047/settings.json" name="/settingstree/matlab/ddux/ddux_13388918699958006047/settings.json" type="File"/>
  <fileEntry content="/fsroot/settingstree/matlab/ddux/ddux_5223755896571883840/dataStreams/MATLAB_DDUX_FUNCTION_USAGE/settings.json" name="/settingstree/matlab/ddux/ddux_5223755896571883840/dataStreams/MATLAB_DDUX_FUNCTION_USAGE/settings.json" type="File"/>
  <fileEntry content="/fsroot/settingstree/matlab/ddux/ddux_5223755896571883840/dataStreams/settings.json" name="/settingstree/matlab/ddux/ddux_5223755896571883840/dataStreams/settings.json" type="File"/>
  <fileEntry content="/fsroot/settingstree/matlab/ddux/ddux_5223755896571883840/settings.json" name="/settingstree/matlab/ddux/ddux_5223755896571883840/settings.json" type="File"/>
  <fileEntry content="/fsroot/settingstree/matlab/ddux/ddux_6461888466581736679/dataStreams/MATLAB_DDUX_FUNCTION_USAGE/settings.json" name="/settingstree/matlab/ddux/ddux_6461888466581736679/dataStreams/MATLAB_DDUX_FUNCTION_USAGE/settings.json" type="File"/>
  <fileEntry content="/fsroot/settingstree/matlab/ddux/ddux_6461888466581736679/dataStreams/settings.json" name="/settingstree/matlab/ddux/ddux_6461888466581736679/dataStreams/settings.json" type="File"/>
  <fileEntry content="/fsroot/settingstree/matlab/ddux/ddux_6461888466581736679/settings.json" name="/settingstree/matlab/ddux/ddux_6461888466581736679/settings.json" type="File"/>
  <fileEntry content="" name="/settingstree/matlab/ddux/ddux_932005830554428995/dataStreams/MATLAB_DDUX_FUNCTION_USAGE" type="Folder"/>
  <fileEntry content="/fsroot/settingstree/matlab/ddux/settings.json" name="/settingstree/matlab/ddux/settings.json" type="File"/>
  <fileEntry content="" name="/settingstree/matlab/desktop/addressbar" type="Folder"/>
  <fileEntry content="" name="/settingstree/matlab/desktop/arrayeditor" type="Folder"/>
  <fileEntry content="/fsroot/settingstree/matlab/desktop/commandhistory/settings.json" name="/settingstree/matlab/desktop/commandhistory/settings.json" type="File"/>
  <fileEntry content="/fsroot/settingstree/matlab/desktop/currentfolder/autorefresh/settings.json" name="/settingstree/matlab/desktop/currentfolder/autorefresh/settings.json" type="File"/>
  <fileEntry content="" name="/settingstree/matlab/desktop/currentfolder/detailviewer" type="Folder"/>
  <fileEntry content="" name="/settingstree/matlab/desktop/currentfolder/lastfolder" type="Folder"/>
  <fileEntry content="" name="/settingstree/matlab/desktop/currentfolder/lastsearch" type="Folder"/>
  <fileEntry content="" name="/settingstree/matlab/desktop/currentfolder/layout" type="Folder"/>
  <fileEntry content="" name="/settingstree/matlab/desktop/currentfolder/pathaffordance" type="Folder"/>
  <fileEntry content="/fsroot/settingstree/matlab/desktop/currentfolder/settings.json" name="/settingstree/matlab/desktop/currentfolder/settings.json" type="File"/>
  <fileEntry content="/fsroot/settingstree/matlab/desktop/displayedroots/d1eac0451b19c12cfdfc7f19ef806d22f1270af8e6c4cc0dfc0a3a2ec4f3f0c4e/settings.json" name="/settingstree/matlab/desktop/displayedroots/d1eac0451b19c12cfdfc7f19ef806d22f1270af8e6c4cc0dfc0a3a2ec4f3f0c4e/settings.json" type="File"/>
  <fileEntry content="/fsroot/settingstree/matlab/desktop/displayedroots/d51a62e34174798e06aabd1504bc567dafc459dddda7fa3b78000ba4c6b170f3b/settings.json" name="/settingstree/matlab/desktop/displayedroots/d51a62e34174798e06aabd1504bc567dafc459dddda7fa3b78000ba4c6b170f3b/settings.json" type="File"/>
  <fileEntry content="" name="/settingstree/matlab/desktop/displayedroots/matlabdrive" type="Folder"/>
  <fileEntry content="/fsroot/settingstree/matlab/desktop/fsuiPanel/settings.json" name="/settingstree/matlab/desktop/fsuiPanel/settings.json" type="File"/>
  <fileEntry content="" name="/settingstree/matlab/desktop/help" type="Folder"/>
  <fileEntry content="" name="/settingstree/matlab/desktop/layout" type="Folder"/>
  <fileEntry content="/fsroot/settingstree/matlab/desktop/login/settings.json" name="/settingstree/matlab/desktop/login/settings.json" type="File"/>
  <fileEntry content="/fsroot/settingstree/matlab/desktop/settings.json" name="/settingstree/matlab/desktop/settings.json" type="File"/>
  <fileEntry content="" name="/settingstree/matlab/desktop/toolstrip/plotsgallery" type="Folder"/>
  <fileEntry content="/fsroot/settingstree/matlab/desktop/toolstrip/settings.json" name="/settingstree/matlab/desktop/toolstrip/settings.json" type="File"/>
  <fileEntry content="" name="/settingstree/matlab/desktop/uix" type="Folder"/>
  <fileEntry content="" name="/settingstree/matlab/desktop/variables/editing" type="Folder"/>
  <fileEntry content="" name="/settingstree/matlab/desktop/variables/internationalnumberhandling" type="Folder"/>
  <fileEntry content="" name="/settingstree/matlab/desktop/variables/plotting" type="Folder"/>
  <fileEntry content="" name="/settingstree/matlab/desktop/variables/sorting" type="Folder"/>
  <fileEntry content="" name="/settingstree/matlab/desktop/variables/sparklines" type="Folder"/>
  <fileEntry content="" name="/settingstree/matlab/desktop/variables/statisticalcalculations" type="Folder"/>
  <fileEntry content="" name="/settingstree/matlab/desktop/variables/statistics" type="Folder"/>
  <fileEntry content="" name="/settingstree/matlab/desktop/variables/structcolumns" type="Folder"/>
  <fileEntry content="" name="/settingstree/matlab/desktop/workspace/columns" type="Folder"/>
  <fileEntry content="" name="/settingstree/matlab/desktop/workspace/savevariablestoscript" type="Folder"/>
  <fileEntry content="" name="/settingstree/matlab/desktop/workspace/statisticalcalculations" type="Folder"/>
  <fileEntry content="/fsroot/settingstree/matlab/editor/accessibility/settings.json" name="/settingstree/matlab/editor/accessibility/settings.json" type="File"/>
  <fileEntry content="" name="/settingstree/matlab/editor/autocoding" type="Folder"/>
  <fileEntry content="" name="/settingstree/matlab/editor/autoformat" type="Folder"/>
  <fileEntry content="" name="/settingstree/matlab/editor/backup" type="Folder"/>
  <fileEntry content="" name="/settingstree/matlab/editor/codefolding" type="Folder"/>
  <fileEntry content="" name="/settingstree/matlab/editor/codingui" type="Folder"/>
  <fileEntry content="" name="/settingstree/matlab/editor/debug" type="Folder"/>
  <fileEntry content="" name="/settingstree/matlab/editor/displaysettings/linelimit" type="Folder"/>
  <fileEntry content="/fsroot/settingstree/matlab/editor/displaysettings/settings.json" name="/settingstree/matlab/editor/displaysettings/settings.json" type="File"/>
  <fileEntry content="" name="/settingstree/matlab/editor/equations" type="Folder"/>
  <fileEntry content="" name="/settingstree/matlab/editor/export/latex" type="Folder"/>
  <fileEntry content="" name="/settingstree/matlab/editor/export/pagesetup/docx" type="Folder"/>
  <fileEntry content="" name="/settingstree/matlab/editor/export/pagesetup/latex" type="Folder"/>
  <fileEntry content="" name="/settingstree/matlab/editor/export/pagesetup/pdf" type="Folder"/>
  <fileEntry content="" name="/settingstree/matlab/editor/export/pdf" type="Folder"/>
  <fileEntry content="" name="/settingstree/matlab/editor/exportDialog/docx" type="Folder"/>
  <fileEntry content="" name="/settingstree/matlab/editor/exportDialog/html" type="Folder"/>
  <fileEntry content="" name="/settingstree/matlab/editor/exportDialog/ipy" type="Folder"/>
  <fileEntry content="" name="/settingstree/matlab/editor/exportDialog/latex" type="Folder"/>
  <fileEntry content="" name="/settingstree/matlab/editor/exportDialog/md" type="Folder"/>
  <fileEntry content="" name="/settingstree/matlab/editor/exportDialog/pdf" type="Folder"/>
  <fileEntry content="" name="/settingstree/matlab/editor/find" type="Folder"/>
  <fileEntry content="" name="/settingstree/matlab/editor/indent" type="Folder"/>
  <fileEntry content="" name="/settingstree/matlab/editor/language/c" type="Folder"/>
  <fileEntry content="" name="/settingstree/matlab/editor/language/cpp" type="Folder"/>
  <fileEntry content="" name="/settingstree/matlab/editor/language/html" type="Folder"/>
  <fileEntry content="" name="/settingstree/matlab/editor/language/java" type="Folder"/>
  <fileEntry content="" name="/settingstree/matlab/editor/language/javascript" type="Folder"/>
  <fileEntry content="" name="/settingstree/matlab/editor/language/json" type="Folder"/>
  <fileEntry content="" name="/settingstree/matlab/editor/language/markdown" type="Folder"/>
  <fileEntry content="" name="/settingstree/matlab/editor/language/matlab/comments" type="Folder"/>
  <fileEntry content="" name="/settingstree/matlab/editor/language/python" type="Folder"/>
  <fileEntry content="" name="/settingstree/matlab/editor/language/simscape" type="Folder"/>
  <fileEntry content="" name="/settingstree/matlab/editor/language/tlc" type="Folder"/>
  <fileEntry content="" name="/settingstree/matlab/editor/language/typescript" type="Folder"/>
  <fileEntry content="" name="/settingstree/matlab/editor/language/verilog" type="Folder"/>
  <fileEntry content="" name="/settingstree/matlab/editor/language/vhdl" type="Folder"/>
  <fileEntry content="" name="/settingstree/matlab/editor/language/vrml" type="Folder"/>
  <fileEntry content="" name="/settingstree/matlab/editor/language/xml" type="Folder"/>
  <fileEntry content="" name="/settingstree/matlab/editor/language/yaml" type="Folder"/>
  <fileEntry content="" name="/settingstree/matlab/editor/layout" type="Folder"/>
  <fileEntry content="" name="/settingstree/matlab/editor/logger" type="Folder"/>
  <fileEntry content="" name="/settingstree/matlab/editor/outputs" type="Folder"/>
  <fileEntry content="" name="/settingstree/matlab/editor/print" type="Folder"/>
  <fileEntry content="" name="/settingstree/matlab/editor/printDialog" type="Folder"/>
  <fileEntry content="" name="/settingstree/matlab/editor/rmi" type="Folder"/>
  <fileEntry content="" name="/settingstree/matlab/editor/saving" type="Folder"/>
  <fileEntry content="" name="/settingstree/matlab/editor/serialization" type="Folder"/>
  <fileEntry content="/fsroot/settingstree/matlab/editor/settings.json" name="/settingstree/matlab/editor/settings.json" type="File"/>
  <fileEntry content="" name="/settingstree/matlab/editor/spelling" type="Folder"/>
  <fileEntry content="" name="/settingstree/matlab/editor/suggestions" type="Folder"/>
  <fileEntry content="" name="/settingstree/matlab/editor/tab" type="Folder"/>
  <fileEntry content="/fsroot/settingstree/matlab/editor/tools/settings.json" name="/settingstree/matlab/editor/tools/settings.json" type="File"/>
  <fileEntry content="" name="/settingstree/matlab/editor/variables" type="Folder"/>
  <fileEntry content="" name="/settingstree/matlab/editor/views" type="Folder"/>
  <fileEntry content="" name="/settingstree/matlab/errorrecovery/registry" type="Folder"/>
  <fileEntry content="" name="/settingstree/matlab/external/interfaces/cpp" type="Folder"/>
  <fileEntry content="" name="/settingstree/matlab/external/interfaces/dotnet" type="Folder"/>
  <fileEntry content="" name="/settingstree/matlab/external/interfaces/java/glnxa64" type="Folder"/>
  <fileEntry content="" name="/settingstree/matlab/external/interfaces/java/maca64" type="Folder"/>
  <fileEntry content="" name="/settingstree/matlab/external/interfaces/java/maci64" type="Folder"/>
  <fileEntry content="" name="/settingstree/matlab/external/interfaces/java/win64" type="Folder"/>
  <fileEntry content="" name="/settingstree/matlab/external/interfaces/python" type="Folder"/>
  <fileEntry content="" name="/settingstree/matlab/findfiles" type="Folder"/>
  <fileEntry content="" name="/settingstree/matlab/fonts/codefont" type="Folder"/>
  <fileEntry content="" name="/settingstree/matlab/fonts/custom/commandhistory" type="Folder"/>
  <fileEntry content="" name="/settingstree/matlab/fonts/custom/commandwindow" type="Folder"/>
  <fileEntry content="" name="/settingstree/matlab/fonts/custom/editor" type="Folder"/>
  <fileEntry content="" name="/settingstree/matlab/fonts/editor/code" type="Folder"/>
  <fileEntry content="" name="/settingstree/matlab/fonts/editor/heading1" type="Folder"/>
  <fileEntry content="" name="/settingstree/matlab/fonts/editor/heading2" type="Folder"/>
  <fileEntry content="" name="/settingstree/matlab/fonts/editor/heading3" type="Folder"/>
  <fileEntry content="" name="/settingstree/matlab/fonts/editor/normal" type="Folder"/>
  <fileEntry content="" name="/settingstree/matlab/fonts/editor/title" type="Folder"/>
  <fileEntry content="" name="/settingstree/matlab/fonts/textfont" type="Folder"/>
  <fileEntry content="/fsroot/settingstree/matlab/general/internal/settings.json" name="/settingstree/matlab/general/internal/settings.json" type="File"/>
  <fileEntry content="" name="/settingstree/matlab/general/matfile" type="Folder"/>
  <fileEntry content="" name="/settingstree/matlab/general/randomnumbers" type="Folder"/>
  <fileEntry content="/fsroot/settingstree/matlab/general/settings.json" name="/settingstree/matlab/general/settings.json" type="File"/>
  <fileEntry content="" name="/settingstree/matlab/general/windows" type="Folder"/>
  <fileEntry content="" name="/settingstree/matlab/graphics/machine_specific" type="Folder"/>
  <fileEntry content="" name="/settingstree/matlab/guide" type="Folder"/>
  <fileEntry content="" name="/settingstree/matlab/hardware/raspi" type="Folder"/>
  <fileEntry content="/fsroot/settingstree/matlab/hardware/webcam/settings.json" name="/settingstree/matlab/hardware/webcam/settings.json" type="File"/>
  <fileEntry content="/fsroot/settingstree/matlab/help/settings.json" name="/settingstree/matlab/help/settings.json" type="File"/>
  <fileEntry content="" name="/settingstree/matlab/importtool" type="Folder"/>
  <fileEntry content="/fsroot/settingstree/matlab/imshow/settings.json" name="/settingstree/matlab/imshow/settings.json" type="File"/>
  <fileEntry content="" name="/settingstree/matlab/keyboard/delimiter" type="Folder"/>
  <fileEntry content="" name="/settingstree/matlab/keyboard/shortcuts/panel" type="Folder"/>
  <fileEntry content="/fsroot/settingstree/matlab/keyboard/shortcuts/settings.json" name="/settingstree/matlab/keyboard/shortcuts/settings.json" type="File"/>
  <fileEntry content="" name="/settingstree/matlab/licensing" type="Folder"/>
  <fileEntry content="" name="/settingstree/matlab/liveeditor" type="Folder"/>
  <fileEntry content="/fsroot/settingstree/matlab/online/settings.json" name="/settingstree/matlab/online/settings.json" type="File"/>
  <fileEntry content="" name="/settingstree/matlab/profiler/busylinestable" type="Folder"/>
  <fileEntry content="" name="/settingstree/matlab/profiler/childrentable" type="Folder"/>
  <fileEntry content="" name="/settingstree/matlab/profiler/functionlisting" type="Folder"/>
  <fileEntry content="" name="/settingstree/matlab/profiler/showfeature" type="Folder"/>
  <fileEntry content="" name="/settingstree/matlab/profiler/summarytable" type="Folder"/>
  <fileEntry content="" name="/settingstree/matlab/profiler/window" type="Folder"/>
  <fileEntry content="/fsroot/settingstree/matlab/programmingAids/recentlyUsed/settings.json" name="/settingstree/matlab/programmingAids/recentlyUsed/settings.json" type="File"/>
  <fileEntry content="/fsroot/settingstree/matlab/programmingAids/settings.json" name="/settingstree/matlab/programmingAids/settings.json" type="File"/>
  <fileEntry content="" name="/settingstree/matlab/project/creation" type="Folder"/>
  <fileEntry content="" name="/settingstree/matlab/project/dependency" type="Folder"/>
  <fileEntry content="" name="/settingstree/matlab/project/metadata" type="Folder"/>
  <fileEntry content="" name="/settingstree/matlab/project/refactoring" type="Folder"/>
  <fileEntry content="" name="/settingstree/matlab/project/shutdown" type="Folder"/>
  <fileEntry content="" name="/settingstree/matlab/project/startup" type="Folder"/>
  <fileEntry content="" name="/settingstree/matlab/project/toolstrip" type="Folder"/>
  <fileEntry content="" name="/settingstree/matlab/rmi/connector" type="Folder"/>
  <fileEntry content="/fsroot/settingstree/matlab/settings.json" name="/settingstree/matlab/settings.json" type="File"/>
  <fileEntry content="" name="/settingstree/matlab/sourcecontrol/creation" type="Folder"/>
  <fileEntry content="" name="/settingstree/matlab/sourcecontrol/git/internal" type="Folder"/>
  <fileEntry content="" name="/settingstree/matlab/sourcecontrol/git/ui" type="Folder"/>
  <fileEntry content="" name="/settingstree/matlab/sourcecontrol/history" type="Folder"/>
  <fileEntry content="" name="/settingstree/matlab/sourcecontrol/svn/internal" type="Folder"/>
  <fileEntry content="" name="/settingstree/matlab/ssi/upgrade" type="Folder"/>
  <fileEntry content="/fsroot/settingstree/matlab/startup_plugins/prewarming/settings.json" name="/settingstree/matlab/startup_plugins/prewarming/settings.json" type="File"/>
  <fileEntry content="" name="/settingstree/matlab/string" type="Folder"/>
  <fileEntry content="" name="/settingstree/matlab/supportpackageroot" type="Folder"/>
  <fileEntry content="" name="/settingstree/matlab/toolboxpathcache" type="Folder"/>
  <fileEntry content="" name="/settingstree/matlab/ui/container/internal/uicontainer" type="Folder"/>
  <fileEntry content="" name="/settingstree/matlab/ui/container/internal/uiflowcontainer" type="Folder"/>
  <fileEntry content="" name="/settingstree/matlab/ui/container/internal/uigridcontainer" type="Folder"/>
  <fileEntry content="" name="/settingstree/matlab/ui/container/menu" type="Folder"/>
  <fileEntry content="" name="/settingstree/matlab/ui/container/panel" type="Folder"/>
  <fileEntry content="" name="/settingstree/matlab/ui/container/tab" type="Folder"/>
  <fileEntry content="" name="/settingstree/matlab/ui/container/toolbar" type="Folder"/>
  <fileEntry content="" name="/settingstree/matlab/ui/control/table" type="Folder"/>
  <fileEntry content="" name="/settingstree/matlab/ui/control/uicontrol" type="Folder"/>
  <fileEntry content="" name="/settingstree/matlab/ui/copyoptions" type="Folder"/>
  <fileEntry content="" name="/settingstree/matlab/ui/dialog/fileIO" type="Folder"/>
  <fileEntry content="" name="/settingstree/matlab/ui/dialog/uisetcolor" type="Folder"/>
  <fileEntry content="" name="/settingstree/matlab/ui/figure" type="Folder"/>
  <fileEntry content="" name="/settingstree/matlab/ui/internal/dialog" type="Folder"/>
  <fileEntry content="" name="/settingstree/matlab/ui/internal/figure/viewmodel" type="Folder"/>
  <fileEntry content="" name="/settingstree/matlab/ui/internal/figuretype" type="Folder"/>
  <fileEntry content="" name="/settingstree/matlab/ui/internal/grid" type="Folder"/>
  <fileEntry content="" name="/settingstree/matlab/ui/internal/uicontrol" type="Folder"/>
  <fileEntry content="" name="/settingstree/matlab/unittest" type="Folder"/>
  <fileEntry content="" name="/settingstree/matlab/videoreader" type="Folder"/>
  <fileEntry content="" name="/settingstree/matlab/web/cef" type="Folder"/>
  <fileEntry content="" name="/settingstree/matlab/web/zoom" type="Folder"/>
  <fileEntry content="/fsroot/settingstree/matlab/workingfolder/settings.json" name="/settingstree/matlab/workingfolder/settings.json" type="File"/>
  <fileEntry content="/fsroot/version.json" name="/version.json" type="File"/>
</fileEntries>
